Ano;Mes;Expresion monetaria;equivalencia; unidad monetaria original con actual;saldos;promedio mensual de saldos diarios
1940;enero; U$S ;1.000.000;1;493;
1940;febrero; U$S ;1.000.000;1;490;
1940;marzo; U$S ;1.000.000;1;495;
1940;abril; U$S ;1.000.000;1;495;
1940;mayo; U$S ;1.000.000;1;497;
1940;junio; U$S ;1.000.000;1;491;
1940;julio; U$S ;1.000.000;1;487;
1940;agosto; U$S ;1.000.000;1;483;
1940;septiembre; U$S ;1.000.000;1;477;
1940;octubre; U$S ;1.000.000;1;471;
1940;noviembre; U$S ;1.000.000;1;467;
1940;diciembre; U$S ;1.000.000;1;469;
1941;enero ; U$S ;1.000.000;1;488;
1941;febrero; U$S ;1.000.000;1;491;
1941;marzo; U$S ;1.000.000;1;496;
1941;abril; U$S ;1.000.000;1;500;
1941;mayo; U$S ;1.000.000;1;502;
1941;junio; U$S ;1.000.000;1;522;
1941;julio; U$S ;1.000.000;1;541;
1941;agosto; U$S ;1.000.000;1;552;
1941;septiembre; U$S ;1.000.000;1;550;
1941;octubre; U$S ;1.000.000;1;551;
1941;noviembre; U$S ;1.000.000;1;557;
1941;diciembre; U$S ;1.000.000;1;561;
1942;enero ; U$S ;1.000.000;1;552;
1942;febrero; U$S ;1.000.000;1;561;
1942;marzo; U$S ;1.000.000;1;574;
1942;abril; U$S ;1.000.000;1;523;
1942;mayo; U$S ;1.000.000;1;537;
1942;junio; U$S ;1.000.000;1;541;
1942;julio; U$S ;1.000.000;1;548;
1942;agosto; U$S ;1.000.000;1;555;
1942;septiembre; U$S ;1.000.000;1;577;
1942;octubre; U$S ;1.000.000;1;611;
1942;noviembre; U$S ;1.000.000;1;631;
1942;diciembre; U$S ;1.000.000;1;683;
1943;enero ; U$S ;1.000.000;1;685;
1943;febrero; U$S ;1.000.000;1;702;
1943;marzo; U$S ;1.000.000;1;734;
1943;abril; U$S ;1.000.000;1;773;
1943;mayo; U$S ;1.000.000;1;802;
1943;junio; U$S ;1.000.000;1;833;
1943;julio; U$S ;1.000.000;1;861;
1943;agosto; U$S ;1.000.000;1;888;
1943;septiembre; U$S ;1.000.000;1;926;
1943;octubre; U$S ;1.000.000;1;960;
1943;noviembre; U$S ;1.000.000;1;973;
1943;diciembre; U$S ;1.000.000;1;994;
1944;enero; U$S ;1.000.000;1;1123;
1944;febrero; U$S ;1.000.000;1;1168;
1944;marzo; U$S ;1.000.000;1;1179;
1944;abril; U$S ;1.000.000;1;1175;
1944;mayo; U$S ;1.000.000;1;1182;
1944;junio; U$S ;1.000.000;1;1207;
1944;julio; U$S ;1.000.000;1;1214;
1944;agosto; U$S ;1.000.000;1;1245;
1944;septiembre; U$S ;1.000.000;1;1263;
1944;octubre; U$S ;1.000.000;1;1276;
1944;noviembre; U$S ;1.000.000;1;1277;
1944;diciembre; U$S ;1.000.000;1;1296;
1945;enero; U$S ;1.000.000;1;1340;
1945;febrero; U$S ;1.000.000;1;1357;
1945;marzo; U$S ;1.000.000;1;1396;
1945;abril; U$S ;1.000.000;1;1425;
1945;mayo; U$S ;1.000.000;1;1452;
1945;junio; U$S ;1.000.000;1;1470;
1945;julio; U$S ;1.000.000;1;1513;
1945;agosto; U$S ;1.000.000;1;1554;
1945;septiembre; U$S ;1.000.000;1;1584;
1945;octubre; U$S ;1.000.000;1;1613;
1945;noviembre; U$S ;1.000.000;1;1618;
1945;diciembre; U$S ;1.000.000;1;1639;
1946;enero; U$S ;1.000.000;1;1461;
1946;febrero; U$S ;1.000.000;1;1458;
1946;marzo; U$S ;1.000.000;1;1476;
1946;abril; U$S ;1.000.000;1;1495;
1946;mayo; U$S ;1.000.000;1;1638;
1946;junio; U$S ;1.000.000;1;1803;
1946;julio; U$S ;1.000.000;1;1833;
1946;agosto; U$S ;1.000.000;1;1811;
1946;septiembre; U$S ;1.000.000;1;1844;
1946;octubre; U$S ;1.000.000;1;1721;
1946;noviembre; U$S ;1.000.000;1;1698;
1946;diciembre; U$S ;1.000.000;1;1733;
1947;enero ; U$S ;1.000.000;1;1786;
1947;febrero; U$S ;1.000.000;1;1746;
1947;marzo; U$S ;1.000.000;1;1667;
1947;abril; U$S ;1.000.000;1;1589;
1947;mayo; U$S ;1.000.000;1;1520;
1947;junio; U$S ;1.000.000;1;1358;
1947;julio; U$S ;1.000.000;1;1305;
1947;agosto; U$S ;1.000.000;1;1271;
1947;septiembre; U$S ;1.000.000;1;1224;
1947;octubre; U$S ;1.000.000;1;1163;
1947;noviembre; U$S ;1.000.000;1;1152;
1947;diciembre; U$S ;1.000.000;1;1176;
1948;enero ; U$S ;1.000.000;1;1200;
1948;febrero; U$S ;1.000.000;1;1241;
1948;marzo; U$S ;1.000.000;1;1041;
1948;abril; U$S ;1.000.000;1;1002;
1948;mayo; U$S ;1.000.000;1;987;
1948;junio; U$S ;1.000.000;1;953;
1948;julio; U$S ;1.000.000;1;744;
1948;agosto; U$S ;1.000.000;1;716;
1948;septiembre; U$S ;1.000.000;1;671;
1948;octubre; U$S ;1.000.000;1;628;
1948;noviembre; U$S ;1.000.000;1;580;
1948;diciembre; U$S ;1.000.000;1;772;
1949;enero; U$S ;1.000.000;1;761;
1949;febrero; U$S ;1.000.000;1;793;
1949;marzo; U$S ;1.000.000;1;843;
1949;abril; U$S ;1.000.000;1;854;
1949;mayo; U$S ;1.000.000;1;829;
1949;junio; U$S ;1.000.000;1;851;
1949;julio; U$S ;1.000.000;1;870;
1949;agosto; U$S ;1.000.000;1;914;
1949;septiembre; U$S ;1.000.000;1;945;
1949;octubre; U$S ;1.000.000;1;543;
1949;noviembre; U$S ;1.000.000;1;533;
1949;diciembre; U$S ;1.000.000;1;526;
1950;enero; U$S ;1.000.000;1;533;
1950;febrero; U$S ;1.000.000;1;558;
1950;marzo; U$S ;1.000.000;1;609;
1950;abril; U$S ;1.000.000;1;650;
1950;mayo; U$S ;1.000.000;1;719;
1950;junio; U$S ;1.000.000;1;747;
1950;julio; U$S ;1.000.000;1;765;
1950;agosto; U$S ;1.000.000;1;749;
1950;septiembre; U$S ;1.000.000;1;577;
1950;octubre; U$S ;1.000.000;1;606;
1950;noviembre; U$S ;1.000.000;1;645;
1950;diciembre; U$S ;1.000.000;1;704;
1951;enero ; U$S ;1.000.000;1;756;
1951;febrero; U$S ;1.000.000;1;821;
1951;marzo; U$S ;1.000.000;1;951;
1951;abril; U$S ;1.000.000;1;998;
1951;mayo; U$S ;1.000.000;1;1053;
1951;junio; U$S ;1.000.000;1;1070;
1951;julio; U$S ;1.000.000;1;1036;
1951;agosto; U$S ;1.000.000;1;975;
1951;septiembre; U$S ;1.000.000;1;853;
1951;octubre; U$S ;1.000.000;1;707;
1951;noviembre; U$S ;1.000.000;1;596;
1951;diciembre; U$S ;1.000.000;1;569;
1952;enero ; U$S ;1.000.000;1;527;
1952;febrero; U$S ;1.000.000;1;579;
1952;marzo; U$S ;1.000.000;1;569;
1952;abril; U$S ;1.000.000;1;456;
1952;mayo; U$S ;1.000.000;1;448;
1952;junio; U$S ;1.000.000;1;392;
1952;julio; U$S ;1.000.000;1;257;
1952;agosto; U$S ;1.000.000;1;180;
1952;septiembre; U$S ;1.000.000;1;141;
1952;octubre; U$S ;1.000.000;1;273;
1952;noviembre; U$S ;1.000.000;1;401;
1952;diciembre; U$S ;1.000.000;1;469;
1953;enero ; U$S ;1.000.000;1;604;
1953;febrero; U$S ;1.000.000;1;747;
1953;marzo; U$S ;1.000.000;1;509;
1953;abril; U$S ;1.000.000;1;527;
1953;mayo; U$S ;1.000.000;1;521;
1953;junio; U$S ;1.000.000;1;483;
1953;julio; U$S ;1.000.000;1;517;
1953;agosto; U$S ;1.000.000;1;551;
1953;septiembre; U$S ;1.000.000;1;579;
1953;octubre; U$S ;1.000.000;1;609;
1953;noviembre; U$S ;1.000.000;1;640;
1953;diciembre; U$S ;1.000.000;1;640;
1954;enero; U$S ;1.000.000;1;632;
1954;febrero; U$S ;1.000.000;1;681;
1954;marzo; U$S ;1.000.000;1;720;
1954;abril; U$S ;1.000.000;1;743;
1954;mayo; U$S ;1.000.000;1;733;
1954;junio; U$S ;1.000.000;1;744;
1954;julio; U$S ;1.000.000;1;732;
1954;agosto; U$S ;1.000.000;1;728;
1954;septiembre; U$S ;1.000.000;1;732;
1954;octubre; U$S ;1.000.000;1;726;
1954;noviembre; U$S ;1.000.000;1;704;
1954;diciembre; U$S ;1.000.000;1;660;
1955;enero; U$S ;1.000.000;1;622;
1955;febrero; U$S ;1.000.000;1;602;
1955;marzo; U$S ;1.000.000;1;591;
1955;abril; U$S ;1.000.000;1;570;
1955;mayo; U$S ;1.000.000;1;543;
1955;junio; U$S ;1.000.000;1;490;
1955;julio; U$S ;1.000.000;1;452;
1955;agosto; U$S ;1.000.000;1;424;
1955;septiembre; U$S ;1.000.000;1;385;
1955;octubre; U$S ;1.000.000;1;320;
1955;noviembre; U$S ;1.000.000;1;417;
1955;diciembre; U$S ;1.000.000;1;505;
1956;enero; U$S ;1.000.000;1;250;
1956;febrero; U$S ;1.000.000;1;342;
1956;marzo; U$S ;1.000.000;1;318;
1956;abril; U$S ;1.000.000;1;354;
1956;mayo; U$S ;1.000.000;1;326;
1956;junio; U$S ;1.000.000;1;391;
1956;julio; U$S ;1.000.000;1;354;
1956;agosto; U$S ;1.000.000;1;408;
1956;septiembre; U$S ;1.000.000;1;449;
1956;octubre; U$S ;1.000.000;1;490;
1956;noviembre; U$S ;1.000.000;1;507;
1956;diciembre; U$S ;1.000.000;1;467;
1957;enero ; U$S ;1.000.000;1;488;
1957;febrero; U$S ;1.000.000;1;498;
1957;marzo; U$S ;1.000.000;1;505;
1957;abril; U$S ;1.000.000;1;564;
1957;mayo; U$S ;1.000.000;1;560;
1957;junio; U$S ;1.000.000;1;508;
1957;julio; U$S ;1.000.000;1;509;
1957;agosto; U$S ;1.000.000;1;492;
1957;septiembre; U$S ;1.000.000;1;456;
1957;octubre; U$S ;1.000.000;1;399;
1957;noviembre; U$S ;1.000.000;1;359;
1957;diciembre; U$S ;1.000.000;1;333;
1958;enero ; U$S ;1.000.000;1;315;
1958;febrero; U$S ;1.000.000;1;309;
1958;marzo; U$S ;1.000.000;1;303;
1958;abril; U$S ;1.000.000;1;269;
1958;mayo; U$S ;1.000.000;1;255;
1958;junio; U$S ;1.000.000;1;247;
1958;julio; U$S ;1.000.000;1;279;
1958;agosto; U$S ;1.000.000;1;258;
1958;septiembre; U$S ;1.000.000;1;232;
1958;octubre; U$S ;1.000.000;1;187;
1958;noviembre; U$S ;1.000.000;1;187;
1958;diciembre; U$S ;1.000.000;1;179;
1959;enero; U$S ;1.000.000;1;185;
1959;febrero; U$S ;1.000.000;1;203;
1959;marzo; U$S ;1.000.000;1;194;
1959;abril; U$S ;1.000.000;1;188;
1959;mayo; U$S ;1.000.000;1;212;
1959;junio; U$S ;1.000.000;1;212;
1959;julio; U$S ;1.000.000;1;237;
1959;agosto; U$S ;1.000.000;1;270;
1959;septiembre; U$S ;1.000.000;1;300;
1959;octubre; U$S ;1.000.000;1;344;
1959;noviembre; U$S ;1.000.000;1;365;
1959;diciembre; U$S ;1.000.000;1;397;
1960;enero; U$S ;1.000.000;1;436;
1960;febrero; U$S ;1.000.000;1;483;
1960;marzo; U$S ;1.000.000;1;529;
1960;abril; U$S ;1.000.000;1;550;
1960;mayo; U$S ;1.000.000;1;586;
1960;junio; U$S ;1.000.000;1;606;
1960;julio; U$S ;1.000.000;1;639;
1960;agosto; U$S ;1.000.000;1;673;
1960;septiembre; U$S ;1.000.000;1;703;
1960;octubre; U$S ;1.000.000;1;682;
1960;noviembre; U$S ;1.000.000;1;692;
1960;diciembre; U$S ;1.000.000;1;703;
1961;enero ; U$S ;1.000.000;1;725;
1961;febrero; U$S ;1.000.000;1;737;
1961;marzo; U$S ;1.000.000;1;750;
1961;abril; U$S ;1.000.000;1;719;
1961;mayo; U$S ;1.000.000;1;692;
1961;junio; U$S ;1.000.000;1;652;
1961;julio; U$S ;1.000.000;1;636;
1961;agosto; U$S ;1.000.000;1;633;
1961;septiembre; U$S ;1.000.000;1;606;
1961;octubre; U$S ;1.000.000;1;560;
1961;noviembre; U$S ;1.000.000;1;520;
1961;diciembre; U$S ;1.000.000;1;502;
1962;enero ; U$S ;1.000.000;1;433;
1962;febrero; U$S ;1.000.000;1;387;
1962;marzo; U$S ;1.000.000;1;390;
1962;abril; U$S ;1.000.000;1;276;
1962;mayo; U$S ;1.000.000;1;269;
1962;junio; U$S ;1.000.000;1;277;
1962;julio; U$S ;1.000.000;1;256;
1962;agosto; U$S ;1.000.000;1;237;
1962;septiembre; U$S ;1.000.000;1;253;
1962;octubre; U$S ;1.000.000;1;206;
1962;noviembre; U$S ;1.000.000;1;205;
1962;diciembre; U$S ;1.000.000;1;196;
1963;enero ; U$S ;1.000.000;1;185;
1963;febrero; U$S ;1.000.000;1;200;
1963;marzo; U$S ;1.000.000;1;214;
1963;abril; U$S ;1.000.000;1;248;
1963;mayo; U$S ;1.000.000;1;250;
1963;junio; U$S ;1.000.000;1;241;
1963;julio; U$S ;1.000.000;1;24;
1963;agosto; U$S ;1.000.000;1;316;
1963;septiembre; U$S ;1.000.000;1;329;
1963;octubre; U$S ;1.000.000;1;303;
1963;noviembre; U$S ;1.000.000;1;303;
1963;diciembre; U$S ;1.000.000;1;327;
1964;enero; U$S ;1.000.000;1;331;
1964;febrero; U$S ;1.000.000;1;326;
1964;marzo; U$S ;1.000.000;1;331;
1964;abril; U$S ;1.000.000;1;349;
1964;mayo; U$S ;1.000.000;1;377;
1964;junio; U$S ;1.000.000;1;298;
1964;julio; U$S ;1.000.000;1;290;
1964;agosto; U$S ;1.000.000;1;241;
1964;septiembre; U$S ;1.000.000;1;247;
1964;octubre; U$S ;1.000.000;1;235;
1964;noviembre; U$S ;1.000.000;1;215;
1964;diciembre; U$S ;1.000.000;1;198;
1965;enero; U$S ;1.000.000;1;169;
1965;febrero; U$S ;1.000.000;1;151;
1965;marzo; U$S ;1.000.000;1;148;
1965;abril; U$S ;1.000.000;1;159;
1965;mayo; U$S ;1.000.000;1;189;
1965;junio; U$S ;1.000.000;1;152;
1965;julio; U$S ;1.000.000;1;166;
1965;agosto; U$S ;1.000.000;1;195;
1965;septiembre; U$S ;1.000.000;1;232;
1965;octubre; U$S ;1.000.000;1;244;
1965;noviembre; U$S ;1.000.000;1;232;
1965;diciembre; U$S ;1.000.000;1;269;
1966;enero; U$S ;1.000.000;1;287;
1966;febrero; U$S ;1.000.000;1;290;
1966;marzo; U$S ;1.000.000;1;311;
1966;abril; U$S ;1.000.000;1;322;
1966;mayo; U$S ;1.000.000;1;346;
1966;junio; U$S ;1.000.000;1;312;
1966;julio; U$S ;1.000.000;1;293;
1966;agosto; U$S ;1.000.000;1;315;
1966;septiembre; U$S ;1.000.000;1;290;
1966;octubre; U$S ;1.000.000;1;262;
1966;noviembre; U$S ;1.000.000;1;245;
1966;diciembre; U$S ;1.000.000;1;256;
1967;enero ; U$S ;1.000.000;1;248;
1967;febrero; U$S ;1.000.000;1;240;
1967;marzo; U$S ;1.000.000;1;288;
1967;abril; U$S ;1.000.000;1;374;
1967;mayo; U$S ;1.000.000;1;472;
1967;junio; U$S ;1.000.000;1;707;
1967;julio; U$S ;1.000.000;1;732;
1967;agosto; U$S ;1.000.000;1;733;
1967;septiembre; U$S ;1.000.000;1;726;
1967;octubre; U$S ;1.000.000;1;714;
1967;noviembre; U$S ;1.000.000;1;714;
1967;diciembre; U$S ;1.000.000;1;762;
1968;enero ; U$S ;1.000.000;1;718;
1968;febrero; U$S ;1.000.000;1;709;
1968;marzo; U$S ;1.000.000;1;718;
1968;abril; U$S ;1.000.000;1;743;
1968;mayo; U$S ;1.000.000;1;750;
1968;junio; U$S ;1.000.000;1;763;
1968;julio; U$S ;1.000.000;1;760;
1968;agosto; U$S ;1.000.000;1;753;
1968;septiembre; U$S ;1.000.000;1;776;
1968;octubre; U$S ;1.000.000;1;768;
1968;noviembre; U$S ;1.000.000;1;794;
1968;diciembre; U$S ;1.000.000;1;797;
1969;enero; U$S ;1.000.000;1;815;
1969;febrero; U$S ;1.000.000;1;838;
1969;marzo; U$S ;1.000.000;1;851;
1969;abril; U$S ;1.000.000;1;873;
1969;mayo; U$S ;1.000.000;1;827;
1969;junio; U$S ;1.000.000;1;767;
1969;julio; U$S ;1.000.000;1;814;
1969;agosto; U$S ;1.000.000;1;781;
1969;septiembre; U$S ;1.000.000;1;712;
1969;octubre; U$S ;1.000.000;1;643;
1969;noviembre; U$S ;1.000.000;1;602;
1969;diciembre; U$S ;1.000.000;1;564;
1970;enero; U$S ;1.000.000;1;590;
1970;febrero; U$S ;1.000.000;1;588;
1970;marzo; U$S ;1.000.000;1;640;
1970;abril; U$S ;1.000.000;1;665;
1970;mayo; U$S ;1.000.000;1;713;
1970;junio; U$S ;1.000.000;1;743;
1970;julio; U$S ;1.000.000;1;812;
1970;agosto; U$S ;1.000.000;1;810;
1970;septiembre; U$S ;1.000.000;1;754;
1970;octubre; U$S ;1.000.000;1;784;
1970;noviembre; U$S ;1.000.000;1;731;
1970;diciembre; U$S ;1.000.000;1;725;
1971;enero ; U$S ;1.000.000;1;696;
1971;febrero; U$S ;1.000.000;1;680;
1971;marzo; U$S ;1.000.000;1;639;
1971;abril; U$S ;1.000.000;1;608;
1971;mayo; U$S ;1.000.000;1;599;
1971;junio; U$S ;1.000.000;1;552;
1971;julio; U$S ;1.000.000;1;537;
1971;agosto; U$S ;1.000.000;1;531;
1971;septiembre; U$S ;1.000.000;1;493;
1971;octubre; U$S ;1.000.000;1;406;
1971;noviembre; U$S ;1.000.000;1;367;
1971;diciembre; U$S ;1.000.000;1;317;
1972;enero ; U$S ;1.000.000;1;300;
1972;febrero; U$S ;1.000.000;1;237;
1972;marzo; U$S ;1.000.000;1;300;
1972;abril; U$S ;1.000.000;1;251;
1972;mayo; U$S ;1.000.000;1;222;
1972;junio; U$S ;1.000.000;1;322;
1972;julio; U$S ;1.000.000;1;320;
1972;agosto; U$S ;1.000.000;1;318;
1972;septiembre; U$S ;1.000.000;1;301;
1972;octubre; U$S ;1.000.000;1;294;
1972;noviembre; U$S ;1.000.000;1;381;
1972;diciembre; U$S ;1.000.000;1;529;
1973;enero ; U$S ;1.000.000;1;604;
1973;febrero; U$S ;1.000.000;1;690;
1973;marzo; U$S ;1.000.000;1;695;
1973;abril; U$S ;1.000.000;1;790;
1973;mayo; U$S ;1.000.000;1;839;
1973;junio; U$S ;1.000.000;1;893;
1973;julio; U$S ;1.000.000;1;1095;
1973;agosto; U$S ;1.000.000;1;1239;
1973;septiembre; U$S ;1.000.000;1;1285;
1973;octubre; U$S ;1.000.000;1;1281;
1973;noviembre; U$S ;1.000.000;1;1269;
1973;diciembre; U$S ;1.000.000;1;1412;
1974;enero; U$S ;1.000.000;1;1383;
1974;febrero; U$S ;1.000.000;1;1454;
1974;marzo; U$S ;1.000.000;1;1579;
1974;abril; U$S ;1.000.000;1;1724;
1974;mayo; U$S ;1.000.000;1;1861;
1974;junio; U$S ;1.000.000;1;1960;
1974;julio; U$S ;1.000.000;1;1947;
1974;agosto; U$S ;1.000.000;1;1747;
1974;septiembre; U$S ;1.000.000;1;1608;
1974;octubre; U$S ;1.000.000;1;1502;
1974;noviembre; U$S ;1.000.000;1;1364;
1974;diciembre; U$S ;1.000.000;1;1341;
1975;enero; U$S ;1.000.000;1;1275;
1975;febrero; U$S ;1.000.000;1;1116;
1975;marzo; U$S ;1.000.000;1;968;
1975;abril; U$S ;1.000.000;1;766;
1975;mayo; U$S ;1.000.000;1;689;
1975;junio; U$S ;1.000.000;1;658;
1975;julio; U$S ;1.000.000;1;590;
1975;agosto; U$S ;1.000.000;1;497;
1975;septiembre; U$S ;1.000.000;1;500;
1975;octubre; U$S ;1.000.000;1;568;
1975;noviembre; U$S ;1.000.000;1;599;
1975;diciembre; U$S ;1.000.000;1;618;
1976;enero; U$S ;1.000.000;1;651;
1976;febrero; U$S ;1.000.000;1;612;
1976;marzo; U$S ;1.000.000;1;711;
1976;abril; U$S ;1.000.000;1;743;
1976;mayo; U$S ;1.000.000;1;1022;
1976;junio; U$S ;1.000.000;1;1092;
1976;julio; U$S ;1.000.000;1;1168;
1976;agosto; U$S ;1.000.000;1;1295;
1976;septiembre; U$S ;1.000.000;1;1224;
1976;octubre; U$S ;1.000.000;1;1134;
1976;noviembre; U$S ;1.000.000;1;989;
1976;diciembre; U$S ;1.000.000;1;1772;
1977;enero ; U$S ;1.000.000;1;1824;
1977;febrero; U$S ;1.000.000;1;1929;
1977;marzo; U$S ;1.000.000;1;2010;
1977;abril; U$S ;1.000.000;1;2181;
1977;mayo; U$S ;1.000.000;1;2354;
1977;junio; U$S ;1.000.000;1;2425;
1977;julio; U$S ;1.000.000;1;2659;
1977;agosto; U$S ;1.000.000;1;2927;
1977;septiembre; U$S ;1.000.000;1;3133;
1977;octubre; U$S ;1.000.000;1;3448;
1977;noviembre; U$S ;1.000.000;1;3560;
1977;diciembre; U$S ;1.000.000;1;3862;
1978;enero ; U$S ;1.000.000;1;4398;
1978;febrero; U$S ;1.000.000;1;4839;
1978;marzo; U$S ;1.000.000;1;4976;
1978;abril; U$S ;1.000.000;1;5205;
1978;mayo; U$S ;1.000.000;1;5707;
1978;junio; U$S ;1.000.000;1;5540;
1978;julio; U$S ;1.000.000;1;5932;
1978;agosto; U$S ;1.000.000;1;6148;
1978;septiembre; U$S ;1.000.000;1;6090;
1978;octubre; U$S ;1.000.000;1;5932;
1978;noviembre; U$S ;1.000.000;1;5591;
1978;diciembre; U$S ;1.000.000;1;5829;
1979;enero; U$S ;1.000.000;1;6023;
1979;febrero; U$S ;1.000.000;1;6283;
1979;marzo; U$S ;1.000.000;1;676;
1979;abril; U$S ;1.000.000;1;7270;
1979;mayo; U$S ;1.000.000;1;7596;
1979;junio; U$S ;1.000.000;1;8277;
1979;julio; U$S ;1.000.000;1;8642;
1979;agosto; U$S ;1.000.000;1;8895;
1979;septiembre; U$S ;1.000.000;1;9394;
1979;octubre; U$S ;1.000.000;1;9876;
1979;noviembre; U$S ;1.000.000;1;10081;
1979;diciembre; U$S ;1.000.000;1;10138;
1980;enero; U$S ;1.000.000;1;10463;
1980;febrero; U$S ;1.000.000;1;10550;
1980;marzo; U$S ;1.000.000;1;10326;
1980;abril; U$S ;1.000.000;1;9829;
1980;mayo; U$S ;1.000.000;1;8964;
1980;junio; U$S ;1.000.000;1;8857;
1980;julio; U$S ;1.000.000;1;9756;
1980;agosto; U$S ;1.000.000;1;10049;
1980;septiembre; U$S ;1.000.000;1;9129;
1980;octubre; U$S ;1.000.000;1;8452;
1980;noviembre; U$S ;1.000.000;1;7632;
1980;diciembre; U$S ;1.000.000;1;7288;
1981;enero ; U$S ;1.000.000;1;6474;
1981;febrero; U$S ;1.000.000;1;5203;
1981;marzo; U$S ;1.000.000;1;4290;
1981;abril; U$S ;1.000.000;1;5698;
1981;mayo; U$S ;1.000.000;1;4876;
1981;junio; U$S ;1.000.000;1;4490;
1981;julio; U$S ;1.000.000;1;4288;
1981;agosto; U$S ;1.000.000;1;4272;
1981;septiembre; U$S ;1.000.000;1;4424;
1981;octubre; U$S ;1.000.000;1;4036;
1981;noviembre; U$S ;1.000.000;1;3839;
1981;diciembre; U$S ;1.000.000;1;3719;
1982;enero ; U$S ;1.000.000;1;4038;
1982;febrero; U$S ;1.000.000;1;4147;
1982;marzo; U$S ;1.000.000;1;3886;
1982;abril; U$S ;1.000.000;1;3485;
1982;mayo; U$S ;1.000.000;1;3786;
1982;junio; U$S ;1.000.000;1;3692;
1982;julio; U$S ;1.000.000;1;3944;
1982;agosto; U$S ;1.000.000;1;3458;
1982;septiembre; U$S ;1.000.000;1;3741;
1982;octubre; U$S ;1.000.000;1;3701;
1982;noviembre; U$S ;1.000.000;1;3466;
1982;diciembre; U$S ;1.000.000;1;3048;
1983;enero ; U$S ;1.000.000;1;3788;
1983;febrero; U$S ;1.000.000;1;4309;
1983;marzo; U$S ;1.000.000;1;3837;
1983;abril; U$S ;1.000.000;1;3605;
1983;mayo; U$S ;1.000.000;1;3499;
1983;junio; U$S ;1.000.000;1;3862;
1983;julio; U$S ;1.000.000;1;3766;
1983;agosto; U$S ;1.000.000;1;3323;
1983;septiembre; U$S ;1.000.000;1;2955;
1983;octubre; U$S ;1.000.000;1;3035;
1983;noviembre; U$S ;1.000.000;1;3155;
1983;diciembre; U$S ;1.000.000;1;3205;
1984;enero; U$S ;1.000.000;1;3683;
1984;febrero; U$S ;1.000.000;1;3782;
1984;marzo; U$S ;1.000.000;1;3871;
1984;abril; U$S ;1.000.000;1;4196;
1984;mayo; U$S ;1.000.000;1;4389;
1984;junio; U$S ;1.000.000;1;4172;
1984;julio; U$S ;1.000.000;1;3867;
1984;agosto; U$S ;1.000.000;1;3713;
1984;septiembre; U$S ;1.000.000;1;3697;
1984;octubre; U$S ;1.000.000;1;3755;
1984;noviembre; U$S ;1.000.000;1;3550;
1984;diciembre; U$S ;1.000.000;1;3499;
1985;enero; U$S ;1.000.000;1;3589;
1985;febrero; U$S ;1.000.000;1;3249;
1985;marzo; U$S ;1.000.000;1;3192;
1985;abril; U$S ;1.000.000;1;3317;
1985;mayo; U$S ;1.000.000;1;3657;
1985;junio; U$S ;1.000.000;1;4028;
1985;julio; U$S ;1.000.000;1;4463;
1985;agosto; U$S ;1.000.000;1;4474;
1985;septiembre; U$S ;1.000.000;1;5474;
1985;octubre; U$S ;1.000.000;1;5808;
1985;noviembre; U$S ;1.000.000;1;6179;
1985;diciembre; U$S ;1.000.000;1;6005;
1986;enero; U$S ;1.000.000;1;6003;
1986;febrero; U$S ;1.000.000;1;5782;
1986;marzo; U$S ;1.000.000;1;5563;
1986;abril; U$S ;1.000.000;1;6253;
1986;mayo; U$S ;1.000.000;1;6306;
1986;junio; U$S ;1.000.000;1;5698;
1986;julio; U$S ;1.000.000;1;5645;
1986;agosto; U$S ;1.000.000;1;5539;
1986;septiembre; U$S ;1.000.000;1;5315;
1986;octubre; U$S ;1.000.000;1;4921;
1986;noviembre; U$S ;1.000.000;1;3956;
1986;diciembre; U$S ;1.000.000;1;4287;
1987;enero ; U$S ;1.000.000;1;4028;
1987;febrero; U$S ;1.000.000;1;3728;
1987;marzo; U$S ;1.000.000;1;4153;
1987;abril; U$S ;1.000.000;1;3571;
1987;mayo; U$S ;1.000.000;1;3429;
1987;junio; U$S ;1.000.000;1;2986;
1987;julio; U$S ;1.000.000;1;2991;
1987;agosto; U$S ;1.000.000;1;2840;
1987;septiembre; U$S ;1.000.000;1;2530;
1987;octubre; U$S ;1.000.000;1;2903;
1987;noviembre; U$S ;1.000.000;1;3185;
1987;diciembre; U$S ;1.000.000;1;3018;
1988;enero ; U$S ;1.000.000;1;3017;
1988;febrero; U$S ;1.000.000;1;2940;
1988;marzo; U$S ;1.000.000;1;3015;
1988;abril; U$S ;1.000.000;1;3033;
1988;mayo; U$S ;1.000.000;1;2992;
1988;junio; U$S ;1.000.000;1;3374;
1988;julio; U$S ;1.000.000;1;3491;
1988;agosto; U$S ;1.000.000;1;4322;
1988;septiembre; U$S ;1.000.000;1;4675;
1988;octubre; U$S ;1.000.000;1;4417;
1988;noviembre; U$S ;1.000.000;1;4574;
1988;diciembre; U$S ;1.000.000;1;4979;
1989;enero; U$S ;1.000.000;1;4846;
1989;febrero; U$S ;1.000.000;1;3905;
1989;marzo; U$S ;1.000.000;1;3310;
1989;abril; U$S ;1.000.000;1;3015;
1989;mayo; U$S ;1.000.000;1;3242;
1989;junio; U$S ;1.000.000;1;2718;
1989;julio; U$S ;1.000.000;1;3421;
1989;agosto; U$S ;1.000.000;1;3813;
1989;septiembre; U$S ;1.000.000;1;4076;
1989;octubre; U$S ;1.000.000;1;4160;
1989;noviembre; U$S ;1.000.000;1;3786;
1989;diciembre; U$S ;1.000.000;1;3419;
1990;enero; U$S ;1.000.000;1;3296;
1990;febrero; U$S ;1.000.000;1;3056;
1990;marzo; U$S ;1.000.000;1;3340;
1990;abril; U$S ;1.000.000;1;3790;
1990;mayo; U$S ;1.000.000;1;4116;
1990;junio; U$S ;1.000.000;1;4690;
1990;julio; U$S ;1.000.000;1;4389;
1990;agosto; U$S ;1.000.000;1;4184;
1990;septiembre; U$S ;1.000.000;1;4910;
1990;octubre; U$S ;1.000.000;1;4844;
1990;noviembre; U$S ;1.000.000;1;4760;
1990;diciembre; U$S ;1.000.000;1;6170;
1991;enero; U$S ;1.000.000;1;6040;
1991;febrero; U$S ;1.000.000;1;6875;
1991;marzo; U$S ;1.000.000;1;5482;
1991;abril; U$S ;1.000.000;1;5393;
1991;mayo; U$S ;1.000.000;1;5892;
1991;junio; U$S ;1.000.000;1;6401;
1991;julio; U$S ;1.000.000;1;6535;
1991;agosto; U$S ;1.000.000;1;6127;
1991;septiembre; U$S ;1.000.000;1;7270;
1991;octubre; U$S ;1.000.000;1;6704;
1991;noviembre; U$S ;1.000.000;1;7433;
1991;diciembre; U$S ;1.000.000;1;9093;
1992;febrero; U$S ;1.000.000;1;8835;
1992;marzo; U$S ;1.000.000;1;9486;
1992;abril; U$S ;1.000.000;1;9901;
1992;mayo; U$S ;1.000.000;1;10447;
1992;junio; U$S ;1.000.000;1;10290;
1992;julio; U$S ;1.000.000;1;10824;
1992;agosto; U$S ;1.000.000;1;10749;
1992;septiembre; U$S ;1.000.000;1;11361;
1992;octubre; U$S ;1.000.000;1;11661;
1992;noviembre; U$S ;1.000.000;1;11151;
1992;diciembre; U$S ;1.000.000;1;12496;
1993;enero; U$S ;1.000.000;1;12767;
1993;marzo; U$S ;1.000.000;1;13015;
1993;abril; U$S ;1.000.000;1;12692;
1993;mayo; U$S ;1.000.000;1;12847;
1993;junio; U$S ;1.000.000;1;12829;
1993;julio; U$S ;1.000.000;1;14388;
1993;agosto; U$S ;1.000.000;1;16061;
1993;septiembre; U$S ;1.000.000;1;15015;
1993;octubre; U$S ;1.000.000;1;15149;
1993;noviembre; U$S ;1.000.000;1;15194;
1993;diciembre; U$S ;1.000.000;1;17223;
1994;enero; U$S ;1.000.000;1;17356;
1994;febrero; U$S ;1.000.000;1;17108;
1994;abril; U$S ;1.000.000;1;16789;
1994;mayo; U$S ;1.000.000;1;16999;
1994;junio; U$S ;1.000.000;1;17102;
1994;julio; U$S ;1.000.000;1;17872;
1994;agosto; U$S ;1.000.000;1;17120;
1994;septiembre; U$S ;1.000.000;1;17080;
1994;octubre; U$S ;1.000.000;1;16743;
1994;noviembre; U$S ;1.000.000;1;16732;
1994;diciembre; U$S ;1.000.000;1;17823;
1995;enero; U$S ;1.000.000;1;15368;
1995;febrero; U$S ;1.000.000;1;14522;
1995;marzo; U$S ;1.000.000;1;11708;
1995;mayo; U$S ;1.000.000;1;11630;
1995;junio; U$S ;1.000.000;1;13709;
1995;julio; U$S ;1.000.000;1;14429;
1995;agosto; U$S ;1.000.000;1;12761;
1995;septiembre; U$S ;1.000.000;1;14214;
1995;octubre; U$S ;1.000.000;1;13470;
1995;noviembre; U$S ;1.000.000;1;13671;
1995;diciembre; U$S ;1.000.000;1;17346;
1996;enero; U$S ;1.000.000;1;16517;17.278
1996;febrero; U$S ;1.000.000;1;18372;18.526
1996;marzo; U$S ;1.000.000;1;18646;18.434
1996;abril; U$S ;1.000.000;1;17763;18.675
1996;junio; U$S ;1.000.000;1;19974;19.299
1996;julio; U$S ;1.000.000;1;19719;20.283
1996;agosto; U$S ;1.000.000;1;19530;19.567
1996;septiembre; U$S ;1.000.000;1;19984;19.205
1996;octubre; U$S ;1.000.000;1;19288;19.921
1996;noviembre; U$S ;1.000.000;1;20033;20.150
1996;diciembre; U$S ;1.000.000;1;23330;22.087
1997;enero; U$S ;1.000.000;1;23426;23.012
1997;febrero; U$S ;1.000.000;1;25155;24.469
1997;marzo; U$S ;1.000.000;1;24406;25.159
1997;abril; U$S ;1.000.000;1;24028;24.427
1997;mayo; U$S ;1.000.000;1;26007;25.113
1997;julio; U$S ;1.000.000;1;26863;26.629
1997;agosto; U$S ;1.000.000;1;27879;27.633
1997;septiembre; U$S ;1.000.000;1;26521;27.462
1997;octubre; U$S ;1.000.000;1;27591;27.597
1997;noviembre; U$S ;1.000.000;1;27331;28.255
1997;diciembre; U$S ;1.000.000;1;29769;29.298
1998;enero; U$S ;1.000.000;1;27914;29.651
1998;febrero; U$S ;1.000.000;1;31325;30.199
1998;marzo; U$S ;1.000.000;1;29993;30.602
1998;abril; U$S ;1.000.000;1;29941;30.462
1998;mayo; U$S ;1.000.000;1;30462;31.130
1998;junio; U$S ;1.000.000;1;30919;31.811
1998;agosto; U$S ;1.000.000;1;31766;33.328
1998;septiembre; U$S ;1.000.000;1;30716;31.942
1998;octubre; U$S ;1.000.000;1;30283;31.231
1998;noviembre; U$S ;1.000.000;1;30468;31.101
1998;diciembre; U$S ;1.000.000;1;31736;32.903
1999;enero; U$S ;1.000.000;1;30931;32.815
1999;febrero; U$S ;1.000.000;1;33342;33.383
1999;marzo; U$S ;1.000.000;1;31725;33.573
1999;abril; U$S ;1.000.000;1;30522;32.440
1999;mayo; U$S ;1.000.000;1;31403;31.599
1999;junio; U$S ;1.000.000;1;32192;31.475
1999;julio; U$S ;1.000.000;1;31933;33.348
1999;septiembre; U$S ;1.000.000;1;32084;32.386
1999;octubre; U$S ;1.000.000;1;32041;32.893
1999;noviembre; U$S ;1.000.000;1;32427;33.440
1999;diciembre; U$S ;1.000.000;1;33100;33.940
2000;enero; U$S ;1.000.000;1;31100;32.218
2000;febrero; U$S ;1.000.000;1;32255;33.411
2000;marzo; U$S ;1.000.000;1;32976;33.703
2000;abril; U$S ;1.000.000;1;31182;33.183
2000;mayo; U$S ;1.000.000;1;30601;32.484
2000;junio; U$S ;1.000.000;1;34355;33.105
2000;julio; U$S ;1.000.000;1;33845;35.252
2000;agosto; U$S ;1.000.000;1;31831;33.425
2000;octubre; U$S ;1.000.000;1;31751;33.656
2000;noviembre; U$S ;1.000.000;1;29571;31.444
2000;diciembre; U$S ;1.000.000;1;34234;32.478
2001;enero; U$S ;1.000.000;1;36153;35.641
2001;febrero; U$S ;1.000.000;1;33219;34.365
2001;marzo; U$S ;1.000.000;1;29812;32.842
2001;abril; U$S ;1.000.000;1;26464;28.932
2001;mayo; U$S ;1.000.000;1;25570;26.577
2001;junio; U$S ;1.000.000;1;27266;26.458
2001;julio; U$S ;1.000.000;1;20257;24.061
2001;agosto; U$S ;1.000.000;1;17467;18.777
2001;septiembre; U$S ;1.000.000;1;24799;22.622
2001;noviembre; U$S ;1.000.000;1;15195;19.328
2001;diciembre; U$S ;1.000.000;1;15232;15.318
2002;enero; U$S ;1.000.000;1;14069;15.015
2002;febrero; U$S ;1.000.000;1;13883;13.859
2002;marzo; U$S ;1.000.000;1;12780;13.328
2002;abril; U$S ;1.000.000;1;12171;12.462
2002;mayo; U$S ;1.000.000;1;10185;11.112
2002;junio; U$S ;1.000.000;1;9629;9.911
2002;julio; U$S ;1.000.000;1;8986;9.224
2002;agosto; U$S ;1.000.000;1;9102;9.012
2002;septiembre; U$S ;1.000.000;1;9404;9.373
2002;octubre; U$S ;1.000.000;1;9883;9.558
2002;diciembre; U$S ;1.000.000;1;10476;10.420
2003;enero; U$S ;1.000.000;1;9326;9.933
2003;febrero; U$S ;1.000.000;1;10289;9.652
2003;marzo; U$S ;1.000.000;1;10517;10.373
2003;abril; U$S ;1.000.000;1;10971;10.588
2003;mayo; U$S ;1.000.000;1;11374;11.087
2003;junio; U$S ;1.000.000;1;12183;11.763
2003;julio; U$S ;1.000.000;1;13484;12.774
2003;agosto; U$S ;1.000.000;1;13584;13.402
2003;septiembre; U$S ;1.000.000;1;13406;12.454
2003;octubre; U$S ;1.000.000;1;12902;13.247
2003;noviembre; U$S ;1.000.000;1;13483;13.285
2004;enero; U$S ;1.000.000;1;14920;14.484
2004;febrero; U$S ;1.000.000;1;15003;15.009
2004;marzo; U$S ;1.000.000;1;15003;13.507
2004;abril; U$S ;1.000.000;1;15763;15.255
2004;mayo; U$S ;1.000.000;1;16705;16.252
2004;junio; U$S ;1.000.000;1;17443;17.240
2004;julio; U$S ;1.000.000;1;18068;17.922
2004;agosto; U$S ;1.000.000;1;18076;18.062
2004;septiembre; U$S ;1.000.000;1;18224;18.200
2004;octubre; U$S ;1.000.000;1;18587;18.388
2004;noviembre; U$S ;1.000.000;1;18944;18.720
2004;diciembre; U$S ;1.000.000;1;19646;19.299
2005;febrero; U$S ;1.000.000;1;20792;20.526
2005;marzo; U$S ;1.000.000;1;20339;20.741
2005;abril; U$S ;1.000.000;1;20904;20.618
2005;mayo; U$S ;1.000.000;1;22103;21.602
2005;junio; U$S ;1.000.000;1;23052;22.559
2005;julio; U$S ;1.000.000;1;25105;24.015
2005;agosto; U$S ;1.000.000;1;25252;25.080
2005;septiembre; U$S ;1.000.000;1;25614;25.581
2005;octubre; U$S ;1.000.000;1;26548;26.047
2005;noviembre; U$S ;1.000.000;1;26525;26.501
2005;diciembre; U$S ;1.000.000;1;28077;27.262
2006;enero; U$S ;1.000.000;1;19689;19.608
2006;marzo; U$S ;1.000.000;1;21549;20.873
2006;abril; U$S ;1.000.000;1;22400;21.866
2006;mayo; U$S ;1.000.000;1;24162;23.691
2006;junio; U$S ;1.000.000;1;25490;24.837
2006;julio; U$S ;1.000.000;1;26223;26.041
2006;agosto; U$S ;1.000.000;1;27397;27.024
2006;septiembre; U$S ;1.000.000;1;28048;27.739
2006;octubre; U$S ;1.000.000;1;29082;28.390
2006;noviembre; U$S ;1.000.000;1;30328;29.760
2006;diciembre; U$S ;1.000.000;1;32037;31.167
2007;enero; U$S ;1.000.000;1;33739;32.828
2007;febrero; U$S ;1.000.000;1;34936;34.226
2007;abril; U$S ;1.000.000;1;38606;37.647
2007;mayo; U$S ;1.000.000;1;40581;39.633
2007;junio; U$S ;1.000.000;1;43157;41.938
2007;julio; U$S ;1.000.000;1;44202;43.869
2007;agosto; U$S ;1.000.000;1;43160;43.731
2007;septiembre; U$S ;1.000.000;1;42891;42.931
2007;octubre; U$S ;1.000.000;1;43000;42.723
2007;noviembre; U$S ;1.000.000;1;44860;43.792
2007;diciembre; U$S ;1.000.000;1;46176;45.711
2008;enero; U$S ;1.000.000;1;47660;46.910
2008;febrero; U$S ;1.000.000;1;49261;48.407
2008;marzo; U$S ;1.000.000;1;50464;50.039
2008;mayo; U$S ;1.000.000;1;48588;49.449
2008;junio; U$S ;1.000.000;1;47516;47.918
2008;julio; U$S ;1.000.000;1;47545;47.600
2008;agosto; U$S ;1.000.000;1;47090;47.300
2008;septiembre; U$S ;1.000.000;1;47121;47.072
2008;octubre; U$S ;1.000.000;1;44941;46.608
2008;noviembre; U$S ;1.000.000;1;46072;45.664
2008;diciembre; U$S ;1.000.000;1;46386;46.198
2009;enero; U$S ;1.000.000;1;47009;46.789
2009;febrero; U$S ;1.000.000;1;47025;47.058
2009;marzo; U$S ;1.000.000;1;46509;46.933
2009;abril; U$S ;1.000.000;1;46368;46.268
2009;junio; U$S ;1.000.000;1;46026;46.385
2009;julio; U$S ;1.000.000;1;46047;45.992
2009;agosto; U$S ;1.000.000;1;45021;44.851
2009;septiembre; U$S ;1.000.000;1;45348;45.193
2009;octubre; U$S ;1.000.000;1;46277;45.733
2009;noviembre; U$S ;1.000.000;1;47072;46.804
2009;diciembre; U$S ;1.000.000;1;47967;47.717
2010;enero; U$S ;1.000.000;1;48129;48.116
2010;febrero; U$S ;1.000.000;1;47758;47.959
2010;marzo; U$S ;1.000.000;1;47460;47.682
2010;abril; U$S ;1.000.000;1;48067;47.552
2010;mayo; U$S ;1.000.000;1;49000;48.471
2010;julio; U$S ;1.000.000;1;51073;50.449
2010;agosto; U$S ;1.000.000;1;50348;50.210
2010;septiembre; U$S ;1.000.000;1;51125;50.920
2010;octubre; U$S ;1.000.000;1;51918;51.607
2010;noviembre; U$S ;1.000.000;1;51896;52.236
2010;diciembre; U$S ;1.000.000;1;52145;52.132
2011;febrero; U$S ;1.000.000;1;52318;52.427
2011;marzo; U$S ;1.000.000;1;51298;52.287
2011;abril; U$S ;1.000.000;1;52011;51.637
2011;mayo; U$S ;1.000.000;1;52060;51.987
2011;junio; U$S ;1.000.000;1;51695;52.094
2011;julio; U$S ;1.000.000;1;51923;51.852
2011;septiembre; U$S ;1.000.000;1;48590;49.421
2011;octubre; U$S ;1.000.000;1;47523;48.038
2011;noviembre; U$S ;1.000.000;1;46062;46.465
2011;diciembre; U$S ;1.000.000;1;46376;45.983
2012;enero; U$S ;1.000.000;1;46594;46.557
2012;marzo; U$S ;1.000.000;1;47291;47.168
2012;abril; U$S ;1.000.000;1;47844;47.462
2012;mayo; U$S ;1.000.000;1;46978;47.436
2012;junio; U$S ;1.000.000;1;46348;46.604
2012;julio; U$S ;1.000.000;1;46818;46.647
2012;agosto; U$S ;1.000.000;1;45152;45.215
2012;septiembre; U$S ;1.000.000;1;45010;45.228
2012;noviembre; U$S ;1.000.000;1;45238;45.316
2012;diciembre; U$S ;1.000.000;1;43290;44.134
2013;enero; U$S ;1.000.000;1;42531;42.954
2013;febrero; U$S ;1.000.000;1;41609;42.181
2013;abril; U$S ;1.000.000;1;39532;40.075
2013;mayo; U$S ;1.000.000;1;38551;39.015
2013;junio; U$S ;1.000.000;1;37005;38.234
2013;julio; U$S ;1.000.000;1;37049;37.310
2013;agosto; U$S ;1.000.000;1;36678;37.001
2013;septiembre; U$S ;1.000.000;1;34741;35.612
2013;octubre; U$S ;1.000.000;1;33232;34.258
2013;noviembre; U$S ;1.000.000;1;30799;32.244
2014;enero; U$S ;1.000.000;1;27748;29.621
2014;febrero; U$S ;1.000.000;1;27546;27.678
2014;marzo; U$S ;1.000.000;1;27007;27.331
2014;mayo; U$S ;1.000.000;1;28542;28.386
2014;junio; U$S ;1.000.000;1;29278;28.863
2014;julio; U$S ;1.000.000;1;29003;29.519
2014;agosto; U$S ;1.000.000;1;28620;28.861
2014;septiembre; U$S ;1.000.000;1;27866;28.281
2014;octubre; U$S ;1.000.000;1;28111;27.570
2014;noviembre; U$S ;1.000.000;1;28911;28.477
2014;diciembre; U$S ;1.000.000;1;31443;30.233
2015;enero; U$S ;1.000.000;1;31452;31.275
2015;marzo; U$S ;1.000.000;1;31490;31.432
2015;abril; U$S ;1.000.000;1;33909;31.909
2015;junio; U$S ;1.000.000;1;33851;33.680
2015;julio; U$S ;1.000.000;1;33943;33.872
2015;agosto; U$S ;1.000.000;1;33606;33.721
2015;septiembre; U$S ;1.000.000;1;33257;33.423
2015;octubre; U$S ;1.000.000;1;26970;28.107
2015;noviembre; U$S ;1.000.000;1;25615;26.193
2015;diciembre; U$S ;1.000.000;1;25563;24.816
2016;enero; U$S ;1.000.000;1;30074;25.968
2016;febrero; U$S ;1.000.000;1;28399;29.359
2016;marzo; U$S ;1.000.000;1;29572;28.862
2016;mayo; U$S ;1.000.000;1;30171;31.581
2016;julio; U$S ;1.000.000;1;32511;33.231
2016;agosto; U$S ;1.000.000;1;31150;32.141
2016;septiembre; U$S ;1.000.000;1;29902;30.886
2016;octubre; U$S ;1.000.000;1;37210;36.430
2016;noviembre; U$S ;1.000.000;1;37378;37.705
2016;diciembre; U$S ;1.000.000;1;39308;37.841
2017;enero; U$S ;1.000.000;1;46887;41.189
2017;febrero; U$S ;1.000.000;1;50608;48.464
2017;marzo; U$S ;1.000.000;1;50522;51.488
2017;abril; U$S ;1.000.000;1;48217;50.372
2017;mayo; U$S ;1.000.000;1;46146;47.707
2017;agosto; U$S ;1.000.000;1;48877;48.353
2017;septiembre; U$S ;1.000.000;1;50237;50.837
2017;octubre; U$S ;1.000.000;1;51810;51.692
2017;noviembre; U$S ;1.000.000;1;54563;53.992
2017;diciembre; U$S ;1.000.000;1;55055;55.582
2018;enero; U$S ;1.000.000;1;62024;60.626
2018;febrero; U$S ;1.000.000;1;61509;62.300
2018;marzo; U$S ;1.000.000;1;61726;61.756
2018;abril; U$S ;1.000.000;1;56623;60.763
2018;mayo; U$S ;1.000.000;1;50098;54.009
2018;junio; U$S ;1.000.000;1;61881;53.347
2018;julio; U$S ;1.000.000;1;57996;60.103
2018;octubre; U$S ;1.000.000;1;53955;48.952
2018;noviembre; U$S ;1.000.000;1;51193;52.631
2018;diciembre; U$S ;1.000.000;1;65806;56.978
2019;enero ; U$S ;1.000.000;1;66811;66.172
2019;febrero; U$S ;1.000.000;1;68015;66.984
2019;marzo; U$S ;1.000.000;1;66187;67.958
2019;abril; U$S ;1.000.000;1;71663;72.679
2019;mayo; U$S ;1.000.000;1;64779;67.701
2019;junio; U$S ;1.000.000;1;64278;64.401
2019;julio; U$S ;1.000.000;1;67899;66.133
2019;agosto; U$S ;1.000.000;1;54100;62.325
2019;octubre; U$S ;1.000.000;1;43260;46.674
2019;diciembre; U$S ;1.000.000;1;44781;44.353
2020;enero ; U$S ;1.000.000;1;44917;45.196
2020;febrero; U$S ;1.000.000;1;44791;44.731
2020;marzo; U$S ;1.000.000;1;43561;44.263
2020;abril; U$S ;1.000.000;1;43568;43.735
2020;mayo; U$S ;1.000.000;1;42589;43.084
2020;junio; U$S ;1.000.000;1;43242;43.051
2020;julio; U$S ;1.000.000;1;43386;43.313
2020;agosto; U$S ;1.000.000;1;42842;43.152
